{
	"all" : {
		"saveFilePaths" : [ "" ],
		"files" : "progress",
		"filetype": "json",
		"encoding": "utf-16le",
		"items": [
		{
		  "name" : "Money",
		  "category" : "Money",
		  "intArgs" : [ 0 ],
		  "strArgs" : [ "money" ],
		  "widget" : {
			"type" : "int",
			"minValue" : 0,
			"maxValue" : 99999999
		  }
		},
		{
		  "name" : "Fin",
		  "category" : "Level",
		  "intArgs" : [ 0 ],
		  "strArgs" : [ "finLevel" ],
		  "widget" : {
			"type" : "int",
			"minValue" : 0,
			"maxValue" : 99
		  }
		},
		{
		  "name" : "Jake",
		  "category" : "Level",
		  "intArgs" : [ 0 ],
		  "strArgs" : [ "jakeLevel" ],
		  "widget" : {
			"type" : "int",
			"minValue" : 0,
			"maxValue" : 99
		  }
		},
		{
		  "name" : "BMO",
		  "category" : "Level",
		  "intArgs" : [ 0 ],
		  "strArgs" : [ "bmoLevel" ],
		  "widget" : {
			"type" : "int",
			"minValue" : 0,
			"maxValue" : 99
		  }
		},
		{
		  "name" : "Marceline",
		  "category" : "Level",
		  "intArgs" : [ 0 ],
		  "strArgs" : [ "marcelineLevel" ],
		  "widget" : {
			"type" : "int",
			"minValue" : 0,
			"maxValue" : 99
		  }
		},
		{
		  "name" : "M",
		  "category" : "Level",
		  "intArgs" : [ 0 ],
		  "strArgs" : [ "m_Level" ],
		  "widget" : {
			"type" : "int",
			"minValue" : 0,
			"maxValue" : 99
		  }
		},
		{
		  "name" : "Attack",
		  "category" : "Finn Stats",
		  "intArgs" : [ 0 ],
		  "strArgs" : [ "finnStats" , "basicAttack" ],
		  "widget" : {
			"type" : "int",
			"minValue" : 0,
			"maxValue" : 99
		  }
		},
		{
		  "name" : "Defence",
		  "category" : "Finn Stats",
		  "intArgs" : [ 0 ],
		  "strArgs" : [ "finnStats" , "defence" ],
		  "widget" : {
			"type" : "int",
			"minValue" : 0,
			"maxValue" : 99
		  }
		},{
		  "name" : "Ability 1",
		  "category" : "Finn Stats",
		  "intArgs" : [ 0 ],
		  "strArgs" : [ "finnStats" , "ability1" ],
		  "widget" : {
			"type" : "int",
			"minValue" : 0,
			"maxValue" : 99
		  }
		},
		{
		  "name" : "Ability 2",
		  "category" : "Finn Stats",
		  "intArgs" : [ 0 ],
		  "strArgs" : [ "finnStats" , "ability2" ],
		  "widget" : {
			"type" : "int",
			"minValue" : 0,
			"maxValue" : 99
		  }
		},
		{
		  "name" : "Ability 3",
		  "category" : "Finn Stats",
		  "intArgs" : [ 0 ],
		  "strArgs" : [ "finnStats" , "ability3" ],
		  "widget" : {
			"type" : "int",
			"minValue" : 0,
			"maxValue" : 99
		  }
		},
		{
		  "name" : "HP",
		  "category" : "Finn Stats",
		  "intArgs" : [ 0 ],
		  "strArgs" : [ "finnStats" , "hp" ],
		  "widget" : {
			"type" : "int",
			"minValue" : 0,
			"maxValue" : 9999
		  }
		},
		{
		  "name" : "Accuracy",
		  "category" : "Finn Stats",
		  "intArgs" : [ 0 ],
		  "strArgs" : [ "finnStats" , "accuracy" ],
		  "widget" : {
			"type" : "int",
			"minValue" : 0,
			"maxValue" : 99
		  }
		},
		{
		  "name" : "Dodge",
		  "category" : "Finn Stats",
		  "intArgs" : [ 0 ],
		  "strArgs" : [ "finnStats" , "dodge" ],
		  "widget" : {
			"type" : "int",
			"minValue" : 0,
			"maxValue" : 99
		  }
		},
		{
		  "name" : "Strenge",
		  "category" : "Finn Stats",
		  "intArgs" : [ 0 ],
		  "strArgs" : [ "finnStats" , "strenge" ],
		  "widget" : {
			"type" : "int",
			"minValue" : 0,
			"maxValue" : 99
		  }
		},
		{
		  "name" : "Current XP",
		  "category" : "Finn Stats",
		  "intArgs" : [ 0 ],
		  "strArgs" : [ "finnStats" , "currentXP" ],
		  "widget" : {
			"type" : "int",
			"minValue" : 0,
			"maxValue" : 9999
		  }
		},
		{
		  "name" : "Ulocked Abilities",
		  "category" : "Finn Stats",
		  "intArgs" : [ 0 ],
		  "strArgs" : [ "finnStats" , "unlockedAbilities" ],
		  "widget" : {
			"type" : "int",
			"minValue" : 0,
			"maxValue" : 99
		  }
		},
		{
		  "name" : "Experience",
		  "category" : "Jake Stats",
		  "intArgs" : [ 0 ],
		  "strArgs" : [ "jakeStats" , "experience" ],
		  "widget" : {
			"type" : "int",
			"minValue" : 0,
			"maxValue" : 99
		  }
		},
		{
		  "name" : "Attack",
		  "category" : "Jake Stats",
		  "intArgs" : [ 0 ],
		  "strArgs" : [ "jakeStats" , "basicAttack" ],
		  "widget" : {
			"type" : "int",
			"minValue" : 0,
			"maxValue" : 99
		  }
		},
		{
		  "name" : "Defence",
		  "category" : "Jake Stats",
		  "intArgs" : [ 0 ],
		  "strArgs" : [ "jakeStats" , "defence" ],
		  "widget" : {
			"type" : "int",
			"minValue" : 0,
			"maxValue" : 99
		  }
		},{
		  "name" : "Ability 1",
		  "category" : "Jake Stats",
		  "intArgs" : [ 0 ],
		  "strArgs" : [ "jakeStats" , "ability1" ],
		  "widget" : {
			"type" : "int",
			"minValue" : 0,
			"maxValue" : 99
		  }
		},
		{
		  "name" : "Ability 2",
		  "category" : "Jake Stats",
		  "intArgs" : [ 0 ],
		  "strArgs" : [ "jakeStats" , "ability2" ],
		  "widget" : {
			"type" : "int",
			"minValue" : 0,
			"maxValue" : 99
		  }
		},
		{
		  "name" : "Ability 3",
		  "category" : "Jake Stats",
		  "intArgs" : [ 0 ],
		  "strArgs" : [ "jakeStats" , "ability3" ],
		  "widget" : {
			"type" : "int",
			"minValue" : 0,
			"maxValue" : 99
		  }
		},
		{
		  "name" : "HP",
		  "category" : "Jake Stats",
		  "intArgs" : [ 0 ],
		  "strArgs" : [ "jakeStats" , "hp" ],
		  "widget" : {
			"type" : "int",
			"minValue" : 0,
			"maxValue" : 9999
		  }
		},
		{
		  "name" : "Accuracy",
		  "category" : "Jake Stats",
		  "intArgs" : [ 0 ],
		  "strArgs" : [ "jakeStats" , "accuracy" ],
		  "widget" : {
			"type" : "int",
			"minValue" : 0,
			"maxValue" : 99
		  }
		},
		{
		  "name" : "Dodge",
		  "category" : "Jake Stats",
		  "intArgs" : [ 0 ],
		  "strArgs" : [ "jakeStats" , "dodge" ],
		  "widget" : {
			"type" : "int",
			"minValue" : 0,
			"maxValue" : 99
		  }
		},
		{
		  "name" : "Strenge",
		  "category" : "Jake Stats",
		  "intArgs" : [ 0 ],
		  "strArgs" : [ "jakeStats" , "strenge" ],
		  "widget" : {
			"type" : "int",
			"minValue" : 0,
			"maxValue" : 99
		  }
		},
		{
		  "name" : "Current XP",
		  "category" : "Jake Stats",
		  "intArgs" : [ 0 ],
		  "strArgs" : [ "jakeStats" , "currentXP" ],
		  "widget" : {
			"type" : "int",
			"minValue" : 0,
			"maxValue" : 9999
		  }
		},
		{
		  "name" : "Ulocked Abilities",
		  "category" : "Jake Stats",
		  "intArgs" : [ 0 ],
		  "strArgs" : [ "jakeStats" , "unlockedAbilities" ],
		  "widget" : {
			"type" : "int",
			"minValue" : 0,
			"maxValue" : 99
		  }
		},
		{
			"name" : "Attack",
			"category" : "BMO Stats",
			"intArgs" : [ 0 ],
			"strArgs" : [ "bmoStats" , "basicAttack" ],
			"widget" : {
			"type" : "int",
			"minValue" : 0,
			"maxValue" : 99
			}
		},
		{
			"name" : "Defence",
			"category" : "BMO Stats",
			"intArgs" : [ 0 ],
			"strArgs" : [ "bmoStats" , "defence" ],
			"widget" : {
			"type" : "int",
			"minValue" : 0,
			"maxValue" : 99
			}
		},{
			"name" : "Ability 1",
			"category" : "BMO Stats",
			"intArgs" : [ 0 ],
			"strArgs" : [ "bmoStats" , "ability1" ],
			"widget" : {
			"type" : "int",
			"minValue" : 0,
			"maxValue" : 99
			}
		},
		{
			"name" : "Ability 2",
			"category" : "BMO Stats",
			"intArgs" : [ 0 ],
			"strArgs" : [ "bmoStats" , "ability2" ],
			"widget" : {
			"type" : "int",
			"minValue" : 0,
			"maxValue" : 99
			}
		},
		{
			"name" : "Ability 3",
			"category" : "BMO Stats",
			"intArgs" : [ 0 ],
			"strArgs" : [ "bmoStats" , "ability3" ],
			"widget" : {
			"type" : "int",
			"minValue" : 0,
			"maxValue" : 99
			}
		},
		{
			"name" : "HP",
			"category" : "BMO Stats",
			"intArgs" : [ 0 ],
			"strArgs" : [ "bmoStats" , "hp" ],
			"widget" : {
			"type" : "int",
			"minValue" : 0,
			"maxValue" : 9999
			}
		},
		{
			"name" : "Accuracy",
			"category" : "BMO Stats",
			"intArgs" : [ 0 ],
			"strArgs" : [ "bmoStats" , "accuracy" ],
			"widget" : {
			"type" : "int",
			"minValue" : 0,
			"maxValue" : 99
			}
		},
		{
			"name" : "Dodge",
			"category" : "BMO Stats",
			"intArgs" : [ 0 ],
			"strArgs" : [ "bmoStats" , "dodge" ],
			"widget" : {
			"type" : "int",
			"minValue" : 0,
			"maxValue" : 99
			}
		},
		{
			"name" : "Strenge",
			"category" : "BMO Stats",
			"intArgs" : [ 0 ],
			"strArgs" : [ "bmoStats" , "strenge" ],
			"widget" : {
			"type" : "int",
			"minValue" : 0,
			"maxValue" : 99
			}
		},
		{
			"name" : "Current XP",
			"category" : "BMO Stats",
			"intArgs" : [ 0 ],
			"strArgs" : [ "bmoStats" , "currentXP" ],
			"widget" : {
			"type" : "int",
			"minValue" : 0,
			"maxValue" : 9999
			}
		},
		{
			"name" : "Ulocked Abilities",
			"category" : "BMO Stats",
			"intArgs" : [ 0 ],
			"strArgs" : [ "bmoStats" , "unlockedAbilities" ],
			"widget" : {
			"type" : "int",
			"minValue" : 0,
			"maxValue" : 99
			}
		},
		{
			"name" : "Attack",
			"category" : "Marceline Stats",
			"intArgs" : [ 0 ],
			"strArgs" : [ "marcelineStats" , "basicAttack" ],
			"widget" : {
			"type" : "int",
			"minValue" : 0,
			"maxValue" : 99
			}
		},
		{
			"name" : "Defence",
			"category" : "Marceline Stats",
			"intArgs" : [ 0 ],
			"strArgs" : [ "marcelineStats" , "defence" ],
			"widget" : {
			"type" : "int",
			"minValue" : 0,
			"maxValue" : 99
			}
		},{
			"name" : "Ability 1",
			"category" : "Marceline Stats",
			"intArgs" : [ 0 ],
			"strArgs" : [ "marcelineStats" , "ability1" ],
			"widget" : {
			"type" : "int",
			"minValue" : 0,
			"maxValue" : 99
			}
		},
		{
			"name" : "Ability 2",
			"category" : "Marceline Stats",
			"intArgs" : [ 0 ],
			"strArgs" : [ "marcelineStats" , "ability2" ],
			"widget" : {
			"type" : "int",
			"minValue" : 0,
			"maxValue" : 99
			}
		},
		{
			"name" : "Ability 3",
			"category" : "Marceline Stats",
			"intArgs" : [ 0 ],
			"strArgs" : [ "marcelineStats" , "ability3" ],
			"widget" : {
			"type" : "int",
			"minValue" : 0,
			"maxValue" : 99
			}
		},
		{
			"name" : "HP",
			"category" : "Marceline Stats",
			"intArgs" : [ 0 ],
			"strArgs" : [ "marcelineStats" , "hp" ],
			"widget" : {
			"type" : "int",
			"minValue" : 0,
			"maxValue" : 9999
			}
		},
		{
			"name" : "Accuracy",
			"category" : "Marceline Stats",
			"intArgs" : [ 0 ],
			"strArgs" : [ "marcelineStats" , "accuracy" ],
			"widget" : {
			"type" : "int",
			"minValue" : 0,
			"maxValue" : 99
			}
		},
		{
			"name" : "Dodge",
			"category" : "Marceline Stats",
			"intArgs" : [ 0 ],
			"strArgs" : [ "marcelineStats" , "dodge" ],
			"widget" : {
			"type" : "int",
			"minValue" : 0,
			"maxValue" : 99
			}
		},
		{
			"name" : "Strenge",
			"category" : "Marceline Stats",
			"intArgs" : [ 0 ],
			"strArgs" : [ "marcelineStats" , "strenge" ],
			"widget" : {
			"type" : "int",
			"minValue" : 0,
			"maxValue" : 99
			}
		},
		{
			"name" : "Current XP",
			"category" : "Marceline Stats",
			"intArgs" : [ 0 ],
			"strArgs" : [ "marcelineStats" , "currentXP" ],
			"widget" : {
			"type" : "int",
			"minValue" : 0,
			"maxValue" : 9999
			}
		},
		{
			"name" : "Ulocked Abilities",
			"category" : "Marceline Stats",
			"intArgs" : [ 0 ],
			"strArgs" : [ "marcelineStats" , "unlockedAbilities" ],
			"widget" : {
			"type" : "int",
			"minValue" : 0,
			"maxValue" : 99
			}
		},
		{
		  "name" : "Bag of Sand",
		  "category" : "Inventory",
		  "intArgs" : [ 0 ],
		  "strArgs" : [ "items", "\\0", "value" ],
		  "widget" : {
			"type" : "int",
			"minValue" : 0,
			"maxValue" : 99
		  }
		},
	  {
		  "name" : "Electro Gem",
		  "category" : "Inventory",
		  "intArgs" : [ 0 ],
		  "strArgs" : [ "items", "\\1", "value" ],
		  "widget" : {
			"type" : "int",
			"minValue" : 0,
			"maxValue" : 99
		  }
		},
	  {
		  "name" : "Flame Gem",
		  "category" : "Inventory",
		  "intArgs" : [ 0 ],
		  "strArgs" : [ "items", "\\2", "value" ],
		  "widget" : {
			"type" : "int",
			"minValue" : 0,
			"maxValue" : 99
		  }
		},
		{
		  "name" : "Ice Gem",
		  "category" : "Inventory",
		  "intArgs" : [ 0 ],
		  "strArgs" : [ "items", "\\3", "value" ],
		  "widget" : {
			"type" : "int",
			"minValue" : 0,
			"maxValue" : 99
		  }
		},
		{
		  "name" : "Jinx Gem",
		  "category" : "Inventory",
		  "intArgs" : [ 0 ],
		  "strArgs" : [ "items", "\\4", "value" ],
		  "widget" : {
			"type" : "int",
			"minValue" : 0,
			"maxValue" : 99
		  }
		},
		{
		  "name" : "Righteousness Gem",
		  "category" : "Inventory",
		  "intArgs" : [ 0 ],
		  "strArgs" : [ "items", "\\5", "value" ],
		  "widget" : {
			"type" : "int",
			"minValue" : 0,
			"maxValue" : 99
		  }
		},
		{
		  "name" : "Swift Gem",
		  "category" : "Inventory",
		  "intArgs" : [ 0 ],
		  "strArgs" : [ "items", "\\6", "value" ],
		  "widget" : {
			"type" : "int",
			"minValue" : 0,
			"maxValue" : 99
		  }
		},
		{
		  "name" : "Can of Bum Whoopin",
		  "category" : "Inventory",
		  "intArgs" : [ 0 ],
		  "strArgs" : [ "items", "\\7", "value" ],
		  "widget" : {
			"type" : "int",
			"minValue" : 0,
			"maxValue" : 99
		  }
		},
		{
		  "name" : "Pocket Sand",
		  "category" : "Inventory",
		  "intArgs" : [ 0 ],
		  "strArgs" : [ "items", "\\8", "value" ],
		  "widget" : {
			"type" : "int",
			"minValue" : 0,
			"maxValue" : 99
		  }
		},
		{
		  "name" : "Rotten Fish",
		  "category" : "Inventory",
		  "intArgs" : [ 0 ],
		  "strArgs" : [ "items", "\\9", "value" ],
		  "widget" : {
			"type" : "int",
			"minValue" : 0,
			"maxValue" : 99
		  }
		},
		{
		  "name" : "Spell of Soft Skin",
		  "category" : "Inventory",
		  "intArgs" : [ 0 ],
		  "strArgs" : [ "items", "\\10", "value" ],
		  "widget" : {
			"type" : "int",
			"minValue" : 0,
			"maxValue" : 99
		  }
		},
		{
		  "name" : "Tin of Special Overcharge",
		  "category" : "Inventory",
		  "intArgs" : [ 0 ],
		  "strArgs" : [ "items", "\\11", "value" ],
		  "widget" : {
			"type" : "int",
			"minValue" : 0,
			"maxValue" : 99
		  }
		},
		{
		  "name" : "Used Tissue",
		  "category" : "Inventory",
		  "intArgs" : [ 0 ],
		  "strArgs" : [ "items", "\\12", "value" ],
		  "widget" : {
			"type" : "int",
			"minValue" : 0,
			"maxValue" : 99
		  }
		},
		{
		  "name" : "Eagle Eye Drop",
		  "category" : "Inventory",
		  "intArgs" : [ 0 ],
		  "strArgs" : [ "items", "\\13", "value" ],
		  "widget" : {
			"type" : "int",
			"minValue" : 0,
			"maxValue" : 99
		  }
		},
		{
		  "name" : "Picture of a Cute Cat",
		  "category" : "Inventory",
		  "intArgs" : [ 0 ],
		  "strArgs" : [ "items", "\\14", "value" ],
		  "widget" : {
			"type" : "int",
			"minValue" : 0,
			"maxValue" : 99
		  }
		},
		{
		  "name" : "Anti-Fump Potion",
		  "category" : "Inventory",
		  "intArgs" : [ 0 ],
		  "strArgs" : [ "items", "\\15", "value" ],
		  "widget" : {
			"type" : "int",
			"minValue" : 0,
			"maxValue" : 99
		  }
		},
		{
		  "name" : "Heart Warming Hot Chocolate",
		  "category" : "Inventory",
		  "intArgs" : [ 0 ],
		  "strArgs" : [ "items", "\\16", "value" ],
		  "widget" : {
			"type" : "int",
			"minValue" : 0,
			"maxValue" : 99
		  }
		},
		{
		  "name" : "Ice Cream Sundae",
		  "category" : "Inventory",
		  "intArgs" : [ 0 ],
		  "strArgs" : [ "items", "\\17", "value" ],
		  "widget" : {
			"type" : "int",
			"minValue" : 0,
			"maxValue" : 99
		  }
		},
		{
		  "name" : "Mathmatical Calculator",
		  "category" : "Inventory",
		  "intArgs" : [ 0 ],
		  "strArgs" : [ "items", "\\18", "value" ],
		  "widget" : {
			"type" : "int",
			"minValue" : 0,
			"maxValue" : 99
		  }
		},
		{
		  "name" : "Shock-Away Gloves",
		  "category" : "Inventory",
		  "intArgs" : [ 0 ],
		  "strArgs" : [ "items", "\\19", "value" ],
		  "widget" : {
			"type" : "int",
			"minValue" : 0,
			"maxValue" : 99
		  }
		},
		{
		  "name" : "Air Horn",
		  "category" : "Inventory",
		  "intArgs" : [ 0 ],
		  "strArgs" : [ "items", "\\20", "value" ],
		  "widget" : {
			"type" : "int",
			"minValue" : 0,
			"maxValue" : 99
		  }
		},
		{
		  "name" : "Best Juice in the World",
		  "category" : "Inventory",
		  "intArgs" : [ 0 ],
		  "strArgs" : [ "items", "\\21", "value" ],
		  "widget" : {
			"type" : "int",
			"minValue" : 0,
			"maxValue" : 99
		  }
		},
		{
		  "name" : "Crystal Clear Juice",
		  "category" : "Inventory",
		  "intArgs" : [ 0 ],
		  "strArgs" : [ "items", "\\22", "value" ],
		  "widget" : {
			"type" : "int",
			"minValue" : 0,
			"maxValue" : 99
		  }
		},
		{
		  "name" : "Chill Out Juice",
		  "category" : "Inventory",
		  "intArgs" : [ 0 ],
		  "strArgs" : [ "items", "\\23", "value" ],
		  "widget" : {
			"type" : "int",
			"minValue" : 0,
			"maxValue" : 99
		  }
		},
		{
		  "name" : "Can of Bum Whoopin",
		  "category" : "Inventory",
		  "intArgs" : [ 0 ],
		  "strArgs" : [ "items", "\\7", "value" ],
		  "widget" : {
			"type" : "int",
			"minValue" : 0,
			"maxValue" : 99
		  }
		},
		{
		  "name" : "Super Juice",
		  "category" : "Inventory",
		  "intArgs" : [ 0 ],
		  "strArgs" : [ "items", "\\24", "value" ],
		  "widget" : {
			"type" : "int",
			"minValue" : 0,
			"maxValue" : 99
		  }
		},
		{
		  "name" : "Bundle Up Juice",
		  "category" : "Inventory",
		  "intArgs" : [ 0 ],
		  "strArgs" : [ "items", "\\25", "value" ],
		  "widget" : {
			"type" : "int",
			"minValue" : 0,
			"maxValue" : 99
		  }
		},
		{
		  "name" : "Frosty Juice",
		  "category" : "Inventory",
		  "intArgs" : [ 0 ],
		  "strArgs" : [ "items", "\\26", "value" ],
		  "widget" : {
			"type" : "int",
			"minValue" : 0,
			"maxValue" : 99
		  }
		},
		{
		  "name" : "Mega Brain Juice",
		  "category" : "Inventory",
		  "intArgs" : [ 0 ],
		  "strArgs" : [ "items", "\\27", "value" ],
		  "widget" : {
			"type" : "int",
			"minValue" : 0,
			"maxValue" : 99
		  }
		},
		{
		  "name" : "Safety Juice",
		  "category" : "Inventory",
		  "intArgs" : [ 0 ],
		  "strArgs" : [ "items", "\\28", "value" ],
		  "widget" : {
			"type" : "int",
			"minValue" : 0,
			"maxValue" : 99
		  }
		},
		{
		  "name" : "Wake Up Juice",
		  "category" : "Inventory",
		  "intArgs" : [ 0 ],
		  "strArgs" : [ "items", "\\29", "value" ],
		  "widget" : {
			"type" : "int",
			"minValue" : 0,
			"maxValue" : 99
		  }
		},
		{
		  "name" : "All Shield Orb",
		  "category" : "Inventory",
		  "intArgs" : [ 0 ],
		  "strArgs" : [ "items", "\\30", "value" ],
		  "widget" : {
			"type" : "int",
			"minValue" : 0,
			"maxValue" : 99
		  }
		},
		{
		  "name" : "Anti-Skronk Dust",
		  "category" : "Inventory",
		  "intArgs" : [ 0 ],
		  "strArgs" : [ "items", "\\31", "value" ],
		  "widget" : {
			"type" : "int",
			"minValue" : 0,
			"maxValue" : 99
		  }
		},
		{
		  "name" : "Anti-Skronk Pebble",
		  "category" : "Inventory",
		  "intArgs" : [ 0 ],
		  "strArgs" : [ "items", "\\32", "value" ],
		  "widget" : {
			"type" : "int",
			"minValue" : 0,
			"maxValue" : 99
		  }
		},
		{
		  "name" : "Anti-Skronk Stone",
		  "category" : "Inventory",
		  "intArgs" : [ 0 ],
		  "strArgs" : [ "items", "\\33", "value" ],
		  "widget" : {
			"type" : "int",
			"minValue" : 0,
			"maxValue" : 99
		  }
		},
		{
		  "name" : "Industrial Tub of Butterfly Lotion",
		  "category" : "Inventory",
		  "intArgs" : [ 0 ],
		  "strArgs" : [ "items", "\\34", "value" ],
		  "widget" : {
			"type" : "int",
			"minValue" : 0,
			"maxValue" : 99
		  }
		},
		{
		  "name" : "Butterfly Lotion",
		  "category" : "Inventory",
		  "intArgs" : [ 0 ],
		  "strArgs" : [ "items", "\\35", "value" ],
		  "widget" : {
			"type" : "int",
			"minValue" : 0,
			"maxValue" : 99
		  }
		},
		{
		  "name" : "Electro Shield Orb",
		  "category" : "Inventory",
		  "intArgs" : [ 0 ],
		  "strArgs" : [ "items", "\\36", "value" ],
		  "widget" : {
			"type" : "int",
			"minValue" : 0,
			"maxValue" : 99
		  }
		},
		{
		  "name" : "Fire Shield Orb",
		  "category" : "Inventory",
		  "intArgs" : [ 0 ],
		  "strArgs" : [ "items", "\\37", "value" ],
		  "widget" : {
			"type" : "int",
			"minValue" : 0,
			"maxValue" : 99
		  }
		},
		{
		  "name" : "Ice Shield Orb",
		  "category" : "Inventory",
		  "intArgs" : [ 0 ],
		  "strArgs" : [ "items", "\\38", "value" ],
		  "widget" : {
			"type" : "int",
			"minValue" : 0,
			"maxValue" : 99
		  }
		},
		{
		  "name" : "Jinx Shield Orb",
		  "category" : "Inventory",
		  "intArgs" : [ 0 ],
		  "strArgs" : [ "items", "\\39", "value" ],
		  "widget" : {
			"type" : "int",
			"minValue" : 0,
			"maxValue" : 99
		  }
		},
		{
		  "name" : "Righteousness Shield Orb",
		  "category" : "Inventory",
		  "intArgs" : [ 0 ],
		  "strArgs" : [ "items", "\\40", "value" ],
		  "widget" : {
			"type" : "int",
			"minValue" : 0,
			"maxValue" : 99
		  }
		},
		{
		  "name" : "Shield Orb",
		  "category" : "Inventory",
		  "intArgs" : [ 0 ],
		  "strArgs" : [ "items", "\\41", "value" ],
		  "widget" : {
			"type" : "int",
			"minValue" : 0,
			"maxValue" : 99
		  }
		},
		{
			"name" : "Swift Shield Orb",
			"category" : "Inventory",
			"intArgs" : [ 0 ],
			"strArgs" : [ "items", "\\42", "value" ],
			"widget" : {
			"type" : "int",
			"minValue" : 0,
			"maxValue" : 99
			}
		},
		{
			"name" : "Small Apple",
			"category" : "Inventory",
			"intArgs" : [ 0 ],
			"strArgs" : [ "items", "\\43", "value" ],
			"widget" : {
			"type" : "int",
			"minValue" : 0,
			"maxValue" : 99
			}
		},
		{
			"name" : "Super Apple Pie",
			"category" : "Inventory",
			"intArgs" : [ 0 ],
			"strArgs" : [ "items", "\\44", "value" ],
			"widget" : {
			"type" : "int",
			"minValue" : 0,
			"maxValue" : 99
			}
		},
		{
			"name" : "Big Heart Vial",
			"category" : "Inventory",
			"intArgs" : [ 0 ],
			"strArgs" : [ "items", "\\45", "value" ],
			"widget" : {
			"type" : "int",
			"minValue" : 0,
			"maxValue" : 99
			}
		},
		{
			"name" : "Big Sticky Bandage",
			"category" : "Inventory",
			"intArgs" : [ 0 ],
			"strArgs" : [ "items", "\\46", "value" ],
			"widget" : {
			"type" : "int",
			"minValue" : 0,
			"maxValue" : 99
			}
		},
		{
			"name" : "Super Sticky Bandages",
			"category" : "Inventory",
			"intArgs" : [ 0 ],
			"strArgs" : [ "items", "\\47", "value" ],
			"widget" : {
			"type" : "int",
			"minValue" : 0,
			"maxValue" : 99
			}
		},
		{
			"name" : "Super Cyclops Tears",
			"category" : "Inventory",
			"intArgs" : [ 0 ],
			"strArgs" : [ "items", "\\49", "value" ],
			"widget" : {
			"type" : "int",
			"minValue" : 0,
			"maxValue" : 99
			}
		},
		{
			"name" : "Small Heart Vial",
			"category" : "Inventory",
			"intArgs" : [ 0 ],
			"strArgs" : [ "items", "\\50", "value" ],
			"widget" : {
			"type" : "int",
			"minValue" : 0,
			"maxValue" : 99
			}
		},
		{
			"name" : "Big Apple",
			"category" : "Inventory",
			"intArgs" : [ 0 ],
			"strArgs" : [ "items", "\\51", "value" ],
			"widget" : {
			"type" : "int",
			"minValue" : 0,
			"maxValue" : 99
			}
		},
		{
			"name" : "Super Mega Apple Pie",
			"category" : "Inventory",
			"intArgs" : [ 0 ],
			"strArgs" : [ "items", "\\52", "value" ],
			"widget" : {
			"type" : "int",
			"minValue" : 0,
			"maxValue" : 99
			}
		},
		{
			"name" : "Small Muffin",
			"category" : "Inventory",
			"intArgs" : [ 0 ],
			"strArgs" : [ "items", "\\53", "value" ],
			"widget" : {
			"type" : "int",
			"minValue" : 0,
			"maxValue" : 99
			}
		},
		{
			"name" : "Big Muffin",
			"category" : "Inventory",
			"intArgs" : [ 0 ],
			"strArgs" : [ "items", "\\54", "value" ],
			"widget" : {
			"type" : "int",
			"minValue" : 0,
			"maxValue" : 99
			}
		},
		{
			"name" : "Small Sticky Bandage",
			"category" : "Inventory",
			"intArgs" : [ 0 ],
			"strArgs" : [ "items", "\\55", "value" ],
			"widget" : {
			"type" : "int",
			"minValue" : 0,
			"maxValue" : 99
			}
		},
		{
			"name" : "Super Muffin",
			"category" : "Inventory",
			"intArgs" : [ 0 ],
			"strArgs" : [ "items", "\\56", "value" ],
			"widget" : {
			"type" : "int",
			"minValue" : 0,
			"maxValue" : 99
			}
		},
		{
			"name" : "Small Battery",
			"category" : "Inventory",
			"intArgs" : [ 0 ],
			"strArgs" : [ "items", "\\57", "value" ],
			"widget" : {
			"type" : "int",
			"minValue" : 0,
			"maxValue" : 99
			}
		},
		{
			"name" : "Big Battery",
			"category" : "Inventory",
			"intArgs" : [ 0 ],
			"strArgs" : [ "items", "\\58", "value" ],
			"widget" : {
			"type" : "int",
			"minValue" : 0,
			"maxValue" : 99
			}
		},
		{
			"name" : "Double Turn Formula",
			"category" : "Inventory",
			"intArgs" : [ 0 ],
			"strArgs" : [ "items", "\\59", "value" ],
			"widget" : {
			"type" : "int",
			"minValue" : 0,
			"maxValue" : 99
			}
		},
		{
			"name" : "A picture of James Baxter",
			"category" : "Inventory",
			"intArgs" : [ 0 ],
			"strArgs" : [ "items", "\\60", "value" ],
			"widget" : {
			"type" : "int",
			"minValue" : 0,
			"maxValue" : 99
			}
		},
		{
			"name" : "Super Battery",
			"category" : "Inventory",
			"intArgs" : [ 0 ],
			"strArgs" : [ "items", "\\61", "value" ],
			"widget" : {
			"type" : "int",
			"minValue" : 0,
			"maxValue" : 99
			}
		},
		{
			"name" : "Mix Up Portal",
			"category" : "Inventory",
			"intArgs" : [ 0 ],
			"strArgs" : [ "items", "\\62", "value" ],
			"widget" : {
			"type" : "int",
			"minValue" : 0,
			"maxValue" : 99
			}
		},
		{
			"name" : "Radder, Faster Formula",
			"category" : "Inventory",
			"intArgs" : [ 0 ],
			"strArgs" : [ "items", "\\63", "value" ],
			"widget" : {
			"type" : "int",
			"minValue" : 0,
			"maxValue" : 99
			}
		},
		{
			"name" : "Reverso Dust",
			"category" : "Inventory",
			"intArgs" : [ 0 ],
			"strArgs" : [ "items", "\\64", "value" ],
			"widget" : {
			"type" : "int",
			"minValue" : 0,
			"maxValue" : 99
			}
		},
		{
			"name" : "Slice of Action Cake",
			"category" : "Inventory",
			"intArgs" : [ 0 ],
			"strArgs" : [ "items", "\\65", "value" ],
			"widget" : {
			"type" : "int",
			"minValue" : 0,
			"maxValue" : 99
			}
		},
		{
			"name" : "Stank Spray",
			"category" : "Inventory",
			"intArgs" : [ 0 ],
			"strArgs" : [ "items", "\\66", "value" ],
			"widget" : {
			"type" : "int",
			"minValue" : 0,
			"maxValue" : 99
			}
		}
		]
	}
}
