{
	"all" : {
		"saveFilePaths": [""],
		"files": "systemData",
		"filetype": "bin",
		"items": [{
				"name": "Coins",
				"category": "1. Main",
				"intArgs": [2, 4],
				"strArgs": ["0000", "0458"],
				"widget": {
					"type": "int",
					"minValue": 0,
					"maxValue": 999999999
				}
			}, {
				"name": "Unlock Levels",
				"category": "1. Main",
				"intArgs": [2, 3],
				"strArgs": ["0000", "0450"],
				"widget": {
					"type": "list",
					"listItemNames": ["Reset", "Unlock All"],
					"listItemValues": [0, 16777215]
				}
			}, {
				"name": "Accessories 01-02",
				"category": "2. Accessories",
				"intArgs": [2, 1],
				"strArgs": ["0000", "0440"],
				"widget": {
					"type": "list",
					"listItemNames": ["None", "1 Full", "2 Full", "All Full"],
					"listItemValues": [0, 128, 8, 136]
				}
			}, {
				"name": "Accessories 03-04",
				"category": "2. Accessories",
				"intArgs": [2, 1],
				"strArgs": ["0000", "0441"],
				"widget": {
					"type": "list",
					"listItemNames": ["None", "3 Full", "4 Full", "All Full"],
					"listItemValues": [0, 128, 8, 136]
				}
			}, {
				"name": "Accessories 05-06",
				"category": "2. Accessories",
				"intArgs": [2, 1],
				"strArgs": ["0000", "0442"],
				"widget": {
					"type": "list",
					"listItemNames": ["None", "5 Full", "6 Full", "All Full"],
					"listItemValues": [0, 128, 8, 136]
				}
			}, {
				"name": "Accessories 07-08",
				"category": "2. Accessories",
				"intArgs": [2, 1],
				"strArgs": ["0000", "0443"],
				"widget": {
					"type": "list",
					"listItemNames": ["None", "7 Full", "8 Full", "All Full"],
					"listItemValues": [0, 128, 8, 136]
				}
			}, {
				"name": "Accessories 09-10",
				"category": "2. Accessories",
				"intArgs": [2, 1],
				"strArgs": ["0000", "0444"],
				"widget": {
					"type": "list",
					"listItemNames": ["None", "9 Full", "10 Full", "All Full"],
					"listItemValues": [0, 128, 8, 136]
				}
			}, {
				"name": "Accessories 11-12",
				"category": "2. Accessories",
				"intArgs": [2, 1],
				"strArgs": ["0000", "0445"],
				"widget": {
					"type": "list",
					"listItemNames": ["None", "11 Full", "12 Full", "All Full"],
					"listItemValues": [0, 128, 8, 136]
				}
			}, {
				"name": "Accessories 13-14",
				"category": "2. Accessories",
				"intArgs": [2, 1],
				"strArgs": ["0000", "0446"],
				"widget": {
					"type": "list",
					"listItemNames": ["None", "13 Full", "14 Full", "All Full"],
					"listItemValues": [0, 128, 8, 136]
				}
			}, {
				"name": "Accessories 15-16",
				"category": "2. Accessories",
				"intArgs": [2, 1],
				"strArgs": ["0000", "0447"],
				"widget": {
					"type": "list",
					"listItemNames": ["None", "15 Full", "16 Full", "All Full"],
					"listItemValues": [0, 128, 8, 136]
				}
			}, {
				"name": "Accessories 17-18",
				"category": "2. Accessories",
				"intArgs": [2, 1],
				"strArgs": ["0000", "0448"],
				"widget": {
					"type": "list",
					"listItemNames": ["None", "17 Full", "18 Full", "All Full"],
					"listItemValues": [0, 128, 8, 136]
				}
			}, {
				"name": "Accessories 19-20",
				"category": "2. Accessories",
				"intArgs": [2, 1],
				"strArgs": ["0000", "0449"],
				"widget": {
					"type": "list",
					"listItemNames": ["None", "19 Full", "20 Full", "All Full"],
					"listItemValues": [0, 128, 8, 136]
				}
			}
		]
	}
}
